# Light Pollution Monitoring Data Format 1.0,,,,,,,,,,,,
# URL: http://www.darksky.org/measurements,,,,,,,,,,,,
# Number of header lines: 36,,,,,,,,,,,,
# ,his data is released under the following license: ODbL 1.0 http://opendatacommons.org/licenses/odbl/summary/,,,,,,,,,,,
# Device type: SQM-LU,,,,,,,,,,,,
# Instrument ID: ,,,,,,,,,,,,
# Data supplier: ,,,,,,,,,,,,
# Location name: Pantai Melawi,,,,,,,,,,,,
"# Position (lat, lon, elev(m)): 5.997043, 102.431805, 0",,,,,,,,,,,,
# Local timezone: Asia/Kuala_Lumpur,,,,,,,,,,,,
# ,ime Synchronization: ,,,,,,,,,,,
# Moving / Stationary position: S,A,IONARY,,,,,,,,,,
# Moving / Fixed look direction: FIXED,,,,,,,,,,,,
# Number of channels: 1,,,,,,,,,,,,
# Filters per channel: HOYA CM-500,,,,,,,,,,,,
# Measurement direction per channel: ,,,,,,,,,,,,
# Field of view (degrees): ,,,,,,,,,,,,
# Number of fields per line: 6,,,,,,,,,,,,
# SQM serial number: 1028,,,,,,,,,,,,
# SQM hardware identity: F,ESKZMO,,,,,,,,,,,
# SQM firmware version: 4-3-54,,,,,,,,,,,,
# SQM cover offset value: ,,,,,,,,,,,,
"# SQM readout test ix: i,00000004,00000003,00000054,00001028",,,,,,,,,,,,
"# SQM readout test rx: r, 20.98m,0000000000Hz,0001229724c,0000002.669s, 026.1C",,,,,,,,,,,,
"# SQM readout test cx: c,00000019.88m,0000161.565s, 019.6C,00000008.71m, 023.5C",,,,,,,,,,,,
# Comment: 10 deg  sunrise-2,,,,,,,,,,,,
# Comment: ,,,,,,,,,,,,
# Comment: ,,,,,,,,,,,,
# Comment: ,,,,,,,,,,,,if percent = 0
# Comment: ,,,,,,,,,,,,
# UDM version: 1.0.0.205,,,,,,,,,,,,
"# UDM setting: Logged continuously every 10 seconds,",hreshold = 0.00 mpsas.,,,,,,,,,,,
# blank line,,,,,,,,,,,,
# U,C Date & ,"ime, Local Date & ","ime, ","emperature, Counts, Frequency, MSAS",,,,,"ime, ",,,
# YYYY-MM-DD,HH:mm:ss.fff,YYYY-MM-DD,HH:mm:ss.fff,Celsius,number,Hz,mag/arcsec^2,,HH:mm:ss.fff,mag/arcsec^2,,
# END OF HEADER,,,,,,,,,,,,
10/07/2019,20:10.1,11/07/2019,5:20:10,26.1,1229724,0,20.98,,5:20:10,20.98,0.02,
10/07/2019,20:20.2,11/07/2019,5:20:20,26.4,1264202,1,21,,5:20:20,21,0,
10/07/2019,20:30.2,11/07/2019,5:20:30,26.4,1266910,0,21,,5:20:30,21,0.01,
10/07/2019,20:40.2,11/07/2019,5:20:40,26.4,1274221,1,21.01,,5:20:40,21.01,0.01,
10/07/2019,20:50.2,11/07/2019,5:20:50,26.4,1282023,0,21.02,,5:20:50,21.02,0,
10/07/2019,21:00.2,11/07/2019,5:21:00,26.4,1287597,0,21.02,,5:21:00,21.02,0,
10/07/2019,21:10.2,11/07/2019,5:21:10,26.4,1290154,1,21.02,,5:21:10,21.02,0,
10/07/2019,21:20.2,11/07/2019,5:21:20,26.4,1291098,0,21.02,,5:21:20,21.02,0,
10/07/2019,21:30.2,11/07/2019,5:21:30,26.4,1294212,1,21.02,,5:21:30,21.02,0.01,
10/07/2019,21:40.2,11/07/2019,5:21:40,26.4,1296583,0,21.03,,5:21:40,21.03,0.02,
10/07/2019,21:50.2,11/07/2019,5:21:50,26.4,1316499,1,21.05,,5:21:50,21.05,0.01,
10/07/2019,22:00.1,11/07/2019,5:22:00,26.4,1328656,0,21.06,,5:22:00,21.06,0,
10/07/2019,22:10.2,11/07/2019,5:22:10,26.4,1335139,1,21.06,,5:22:10,21.06,0.01,
10/07/2019,22:20.2,11/07/2019,5:22:20,26.4,1344612,0,21.07,,5:22:20,21.07,0.01,
10/07/2019,22:30.2,11/07/2019,5:22:30,26.4,1355028,0,21.08,,5:22:30,21.08,0.01,
10/07/2019,22:40.2,11/07/2019,5:22:40,26.4,1361951,1,21.09,,5:22:40,21.09,0,
10/07/2019,22:50.2,11/07/2019,5:22:50,26.4,1366452,0,21.09,,5:22:50,21.09,0,
10/07/2019,23:00.1,11/07/2019,5:23:00,26.4,1367416,0,21.09,,5:23:00,21.09,0,
10/07/2019,23:10.2,11/07/2019,5:23:10,26.4,1369478,0,21.09,,5:23:10,21.09,0.01,
10/07/2019,23:20.2,11/07/2019,5:23:20,26.4,1377637,0,21.1,,5:23:20,21.1,0.01,
10/07/2019,23:30.2,11/07/2019,5:23:30,26.4,1388962,0,21.11,,5:23:30,21.11,0,
10/07/2019,23:40.2,11/07/2019,5:23:40,26.4,1394467,1,21.11,,5:23:40,21.11,0,
10/07/2019,23:50.1,11/07/2019,5:23:50,26.4,1397289,0,21.11,,5:23:50,21.11,0,
10/07/2019,24:00.1,11/07/2019,5:24:00,26.4,1395379,0,21.11,,5:24:00,21.11,0,
10/07/2019,24:10.1,11/07/2019,5:24:10,26.4,1395504,1,21.11,,5:24:10,21.11,0,
10/07/2019,24:20.2,11/07/2019,5:24:20,26.4,1398599,0,21.11,,5:24:20,21.11,0.01,
10/07/2019,24:30.1,11/07/2019,5:24:30,26.4,1403513,0,21.12,,5:24:30,21.12,-0.01,
10/07/2019,24:40.2,11/07/2019,5:24:40,26.4,1394642,1,21.11,,5:24:40,21.11,0,
10/07/2019,24:50.1,11/07/2019,5:24:50,26.4,1397475,0,21.11,,5:24:50,21.11,0.02,
10/07/2019,25:00.2,11/07/2019,5:25:00,26.4,1410491,0,21.13,,5:25:00,21.13,0,76
10/07/2019,25:10.1,11/07/2019,5:25:10,26.4,1415266,0,21.13,,5:25:10,21.13,0,
10/07/2019,25:20.2,11/07/2019,5:25:20,26.4,1415240,1,21.13,,5:25:20,21.13,0.01,
10/07/2019,25:30.1,11/07/2019,5:25:30,26.4,1420857,0,21.14,,5:25:30,21.14,0,
10/07/2019,25:40.2,11/07/2019,5:25:40,26.4,1423952,0,21.14,,5:25:40,21.14,0,
10/07/2019,25:50.1,11/07/2019,5:25:50,26.4,1424728,0,21.14,,5:25:50,21.14,0,
10/07/2019,26:00.2,11/07/2019,5:26:00,26.4,1424142,1,21.14,,5:26:00,21.14,0,
10/07/2019,26:10.2,11/07/2019,5:26:10,26.4,1419444,1,21.14,,5:26:10,21.14,0,
10/07/2019,26:20.2,11/07/2019,5:26:20,26.4,1422875,0,21.14,,5:26:20,21.14,0.01,
10/07/2019,26:30.2,11/07/2019,5:26:30,26.4,1428138,0,21.15,,5:26:30,21.15,0,
10/07/2019,26:40.2,11/07/2019,5:26:40,26.4,1429656,0,21.15,,5:26:40,21.15,0,
10/07/2019,26:50.1,11/07/2019,5:26:50,26.4,1428841,1,21.15,,5:26:50,21.15,0,
10/07/2019,27:00.1,11/07/2019,5:27:00,26.4,1432238,0,21.15,,5:27:00,21.15,0,
10/07/2019,27:10.2,11/07/2019,5:27:10,26.4,1435504,0,21.15,,5:27:10,21.15,0,
10/07/2019,27:20.2,11/07/2019,5:27:20,26.4,1435264,0,21.15,,5:27:20,21.15,0,
10/07/2019,27:30.2,11/07/2019,5:27:30,26.4,1439489,0,21.15,,5:27:30,21.15,0.01,
10/07/2019,27:40.2,11/07/2019,5:27:40,26.4,1444990,1,21.16,,5:27:40,21.16,0.01,
10/07/2019,27:50.2,11/07/2019,5:27:50,26.4,1456441,0,21.17,,5:27:50,21.17,0,
10/07/2019,28:00.2,11/07/2019,5:28:00,26.4,1460782,0,21.17,,5:28:00,21.17,0,
10/07/2019,28:10.2,11/07/2019,5:28:10,26.4,1458093,0,21.17,,5:28:10,21.17,0,
10/07/2019,28:20.2,11/07/2019,5:28:20,26.4,1456254,0,21.17,,5:28:20,21.17,0,
10/07/2019,28:30.2,11/07/2019,5:28:30,26.4,1455567,0,21.17,,5:28:30,21.17,0,
10/07/2019,28:40.2,11/07/2019,5:28:40,26.4,1460745,1,21.17,,5:28:40,21.17,0,
10/07/2019,28:50.1,11/07/2019,5:28:50,26.4,1463710,1,21.17,,5:28:50,21.17,0,
10/07/2019,29:00.1,11/07/2019,5:29:00,26.4,1461116,0,21.17,,5:29:00,21.17,0,
10/07/2019,29:10.2,11/07/2019,5:29:10,26.4,1457305,0,21.17,,5:29:10,21.17,0,
10/07/2019,29:20.2,11/07/2019,5:29:20,26.4,1455639,0,21.17,,5:29:20,21.17,0,
10/07/2019,29:30.2,11/07/2019,5:29:30,26.4,1455362,0,21.17,,5:29:30,21.17,0,
10/07/2019,29:40.2,11/07/2019,5:29:40,26.4,1456027,1,21.17,,5:29:40,21.17,0,
10/07/2019,29:50.2,11/07/2019,5:29:50,26.4,1452709,1,21.17,,5:29:50,21.17,-0.01,
10/07/2019,30:00.2,11/07/2019,5:30:00,26.4,1449050,0,21.16,,5:30:00,21.16,0,
10/07/2019,30:10.1,11/07/2019,5:30:10,26.4,1449806,0,21.16,,5:30:10,21.16,0,
10/07/2019,30:20.2,11/07/2019,5:30:20,26.4,1447990,0,21.16,,5:30:20,21.16,0,
10/07/2019,30:30.2,11/07/2019,5:30:30,26.4,1445225,1,21.16,,5:30:30,21.16,0,
10/07/2019,30:40.1,11/07/2019,5:30:40,26.4,1445875,1,21.16,,5:30:40,21.16,0,
10/07/2019,30:50.2,11/07/2019,5:30:50,26.4,1448856,0,21.16,,5:30:50,21.16,0.01,
10/07/2019,31:00.1,11/07/2019,5:31:00,26.4,1452644,0,21.17,,5:31:00,21.17,0,
10/07/2019,31:10.2,11/07/2019,5:31:10,26.4,1456410,0,21.17,,5:31:10,21.17,0,
10/07/2019,31:20.1,11/07/2019,5:31:20,26.4,1456453,0,21.17,,5:31:20,21.17,0,
10/07/2019,31:30.2,11/07/2019,5:31:30,26.4,1457516,1,21.17,,5:31:30,21.17,0,
10/07/2019,31:40.2,11/07/2019,5:31:40,26.4,1457940,1,21.17,,5:31:40,21.17,0,
10/07/2019,31:50.1,11/07/2019,5:31:50,26.4,1459376,0,21.17,,5:31:50,21.17,0,
10/07/2019,32:00.2,11/07/2019,5:32:00,26.4,1463186,0,21.17,,5:32:00,21.17,0,
10/07/2019,32:10.2,11/07/2019,5:32:10,26.4,1463141,0,21.17,,5:32:10,21.17,0,
10/07/2019,32:20.1,11/07/2019,5:32:20,26.4,1463429,0,21.17,,5:32:20,21.17,0,
10/07/2019,32:30.1,11/07/2019,5:32:30,26.4,1464231,0,21.17,,5:32:30,21.17,0.01,
10/07/2019,32:40.2,11/07/2019,5:32:40,26.4,1466533,1,21.18,,5:32:40,21.18,0,
10/07/2019,32:50.2,11/07/2019,5:32:50,26.4,1468969,1,21.18,,5:32:50,21.18,0,
10/07/2019,33:00.1,11/07/2019,5:33:00,26.4,1471244,0,21.18,,5:33:00,21.18,0,
10/07/2019,33:10.2,11/07/2019,5:33:10,26.4,1472759,0,21.18,,5:33:10,21.18,0,
10/07/2019,33:20.1,11/07/2019,5:33:20,26.4,1472727,0,21.18,,5:33:20,21.18,0,
10/07/2019,33:30.2,11/07/2019,5:33:30,26.4,1476789,0,21.18,,5:33:30,21.18,0,
10/07/2019,33:40.1,11/07/2019,5:33:40,26.1,1482648,0,21.18,,5:33:40,21.18,0.01,
10/07/2019,33:50.2,11/07/2019,5:33:50,26.4,1488097,0,21.19,,5:33:50,21.19,0.01,
10/07/2019,34:00.2,11/07/2019,5:34:00,26.4,1492083,0,21.2,,5:34:00,21.2,0,
10/07/2019,34:10.2,11/07/2019,5:34:10,26.4,1493333,1,21.2,,5:34:10,21.2,0,
10/07/2019,34:20.2,11/07/2019,5:34:20,26.4,1495120,1,21.2,,5:34:20,21.2,0.01,
10/07/2019,34:30.2,11/07/2019,5:34:30,26.4,1512248,1,21.21,,5:34:30,21.21,0,
10/07/2019,34:40.2,11/07/2019,5:34:40,26.4,1514173,1,21.21,,5:34:40,21.21,-0.01,
10/07/2019,34:50.2,11/07/2019,5:34:50,26.4,1495323,1,21.2,,5:34:50,21.2,0,
10/07/2019,35:00.2,11/07/2019,5:35:00,26.4,1491020,0,21.2,,5:35:00,21.2,-0.01,
10/07/2019,35:10.2,11/07/2019,5:35:10,26.4,1488103,0,21.19,,5:35:10,21.19,0,
10/07/2019,35:20.2,11/07/2019,5:35:20,26.4,1485929,0,21.19,,5:35:20,21.19,0,
10/07/2019,35:30.2,11/07/2019,5:35:30,26.4,1483060,0,21.19,,5:35:30,21.19,0,
10/07/2019,35:40.2,11/07/2019,5:35:40,26.4,1482833,0,21.19,,5:35:40,21.19,0,
10/07/2019,35:50.2,11/07/2019,5:35:50,26.4,1483691,0,21.19,,5:35:50,21.19,-0.01,
10/07/2019,36:00.2,11/07/2019,5:36:00,26.1,1479961,1,21.18,,5:36:00,21.18,0,
10/07/2019,36:10.2,11/07/2019,5:36:10,26.4,1472218,1,21.18,,5:36:10,21.18,-0.01,
10/07/2019,36:20.2,11/07/2019,5:36:20,26.4,1463494,0,21.17,,5:36:20,21.17,0,
10/07/2019,36:30.1,11/07/2019,5:36:30,26.4,1464255,0,21.17,,5:36:30,21.17,0.01,
10/07/2019,36:40.2,11/07/2019,5:36:40,26.4,1466851,0,21.18,,5:36:40,21.18,0,
10/07/2019,36:50.1,11/07/2019,5:36:50,26.4,1470973,0,21.18,,5:36:50,21.18,0,
10/07/2019,37:00.2,11/07/2019,5:37:00,26.4,1469811,0,21.18,,5:37:00,21.18,-0.01,
10/07/2019,37:10.2,11/07/2019,5:37:10,26.4,1465621,1,21.17,,5:37:10,21.17,0,
10/07/2019,37:20.1,11/07/2019,5:37:20,26.1,1465139,1,21.17,,5:37:20,21.17,0,
10/07/2019,37:30.2,11/07/2019,5:37:30,26.1,1465032,0,21.17,,5:37:30,21.17,0,
10/07/2019,37:40.1,11/07/2019,5:37:40,26.4,1457569,0,21.17,,5:37:40,21.17,0.02,
10/07/2019,37:50.2,11/07/2019,5:37:50,26.4,1484419,0,21.19,,5:37:50,21.19,-0.01,
10/07/2019,38:00.1,11/07/2019,5:38:00,26.1,1482697,0,21.18,,5:38:00,21.18,0.01,
10/07/2019,38:10.1,11/07/2019,5:38:10,26.4,1483569,0,21.19,,5:38:10,21.19,-0.02,
10/07/2019,38:20.2,11/07/2019,5:38:20,26.1,1454415,1,21.17,,5:38:20,21.17,0,
10/07/2019,38:30.1,11/07/2019,5:38:30,26.1,1454944,1,21.17,,5:38:30,21.17,-0.01,
10/07/2019,38:40.2,11/07/2019,5:38:40,26.4,1448573,0,21.16,,5:38:40,21.16,-0.01,
10/07/2019,38:50.2,11/07/2019,5:38:50,26.4,1440096,0,21.15,,5:38:50,21.15,0,
10/07/2019,39:00.2,11/07/2019,5:39:00,26.1,1436102,0,21.15,,5:39:00,21.15,0,
10/07/2019,39:10.2,11/07/2019,5:39:10,26.1,1436155,1,21.15,,5:39:10,21.15,0,
10/07/2019,39:20.1,11/07/2019,5:39:20,26.1,1427952,1,21.15,,5:39:20,21.15,-0.01,
10/07/2019,39:30.2,11/07/2019,5:39:30,26.1,1420310,0,21.14,,5:39:30,21.14,-0.01,
10/07/2019,39:40.2,11/07/2019,5:39:40,26.1,1414668,0,21.13,,5:39:40,21.13,0,
10/07/2019,39:50.2,11/07/2019,5:39:50,26.1,1412272,1,21.13,,5:39:50,21.13,-0.01,
10/07/2019,40:00.2,11/07/2019,5:40:00,26.1,1406909,1,21.12,,5:40:00,21.12,0,
10/07/2019,40:10.2,11/07/2019,5:40:10,26.1,1404824,0,21.12,,5:40:10,21.12,0,
10/07/2019,40:20.1,11/07/2019,5:40:20,26.1,1403715,0,21.12,,5:40:20,21.12,-0.01,
10/07/2019,40:30.2,11/07/2019,5:40:30,26.1,1396134,1,21.11,,5:40:30,21.11,0,
10/07/2019,40:40.2,11/07/2019,5:40:40,26.1,1390180,0,21.11,,5:40:40,21.11,0,
10/07/2019,40:50.2,11/07/2019,5:40:50,26.1,1389076,0,21.11,,5:40:50,21.11,0,
10/07/2019,41:00.2,11/07/2019,5:41:00,26.1,1384617,1,21.11,,5:41:00,21.11,-0.01,
10/07/2019,41:10.2,11/07/2019,5:41:10,26.1,1378010,0,21.1,,5:41:10,21.1,-0.01,
10/07/2019,41:20.2,11/07/2019,5:41:20,26.1,1373037,0,21.09,,5:41:20,21.09,0,
10/07/2019,41:30.2,11/07/2019,5:41:30,26.1,1370687,1,21.09,,5:41:30,21.09,0,
10/07/2019,41:40.2,11/07/2019,5:41:40,26.1,1371033,0,21.09,,5:41:40,21.09,0,
10/07/2019,41:50.2,11/07/2019,5:41:50,26.1,1368947,1,21.09,,5:41:50,21.09,0,
10/07/2019,42:00.2,11/07/2019,5:42:00,26.1,1362802,0,21.09,,5:42:00,21.09,-0.01,
10/07/2019,42:10.2,11/07/2019,5:42:10,26.1,1357074,0,21.08,,5:42:10,21.08,-0.01,
10/07/2019,42:20.2,11/07/2019,5:42:20,26.1,1348412,1,21.07,,5:42:20,21.07,0,
10/07/2019,42:30.2,11/07/2019,5:42:30,26.1,1345982,0,21.07,,5:42:30,21.07,0,
10/07/2019,42:40.2,11/07/2019,5:42:40,26.1,1343961,1,21.07,,5:42:40,21.07,0,
10/07/2019,42:50.2,11/07/2019,5:42:50,26.1,1336708,0,21.07,,5:42:50,21.07,-0.01,
10/07/2019,43:00.2,11/07/2019,5:43:00,26.1,1329917,1,21.06,,5:43:00,21.06,-0.01,
10/07/2019,43:10.2,11/07/2019,5:43:10,26.1,1323134,0,21.05,,5:43:10,21.05,0,
10/07/2019,43:20.2,11/07/2019,5:43:20,26.1,1322237,1,21.05,,5:43:20,21.05,0,
10/07/2019,43:30.2,11/07/2019,5:43:30,26.1,1318674,0,21.05,,5:43:30,21.05,0,
10/07/2019,43:40.2,11/07/2019,5:43:40,26.1,1314553,1,21.05,,5:43:40,21.05,-0.01,
10/07/2019,43:50.2,11/07/2019,5:43:50,26.1,1302578,0,21.04,,5:43:50,21.04,-0.02,
10/07/2019,44:00.2,11/07/2019,5:44:00,26.1,1286084,1,21.02,,5:44:00,21.02,0,
10/07/2019,44:10.1,11/07/2019,5:44:10,26.1,1284838,0,21.02,,5:44:10,21.02,0,
10/07/2019,44:20.2,11/07/2019,5:44:20,26.1,1287755,1,21.02,,5:44:20,21.02,0,
10/07/2019,44:30.2,11/07/2019,5:44:30,26.1,1286742,0,21.02,,5:44:30,21.02,0,
10/07/2019,44:40.1,11/07/2019,5:44:40,26.1,1283553,0,21.02,,5:44:40,21.02,0,
10/07/2019,44:50.1,11/07/2019,5:44:50,26.1,1279126,1,21.02,,5:44:50,21.02,-0.01,
10/07/2019,45:00.1,11/07/2019,5:45:00,26.1,1274955,0,21.01,,5:45:00,21.01,-0.01,
10/07/2019,45:10.2,11/07/2019,5:45:10,26.1,1267558,0,21,,5:45:10,21,0,
10/07/2019,45:20.2,11/07/2019,5:45:20,26.1,1261685,1,21,,5:45:20,21,0,
10/07/2019,45:30.2,11/07/2019,5:45:30,26.1,1256374,0,21,,5:45:30,21,0,
10/07/2019,45:40.2,11/07/2019,5:45:40,26.1,1253969,0,21,,5:45:40,21,0,
10/07/2019,45:50.1,11/07/2019,5:45:50,26.1,1254141,1,21,,5:45:50,21,-0.01,
10/07/2019,46:00.2,11/07/2019,5:46:00,26.1,1248632,0,20.99,,5:46:00,20.99,-0.01,
10/07/2019,46:10.1,11/07/2019,5:46:10,26.1,1241955,0,20.98,,5:46:10,20.98,0,
10/07/2019,46:20.2,11/07/2019,5:46:20,26.1,1244120,1,20.98,,5:46:20,20.98,0.01,
10/07/2019,46:30.2,11/07/2019,5:46:30,26.1,1245881,0,20.99,,5:46:30,20.99,-0.01,
10/07/2019,46:40.2,11/07/2019,5:46:40,26.1,1243948,0,20.98,,5:46:40,20.98,0.01,
10/07/2019,46:50.2,11/07/2019,5:46:50,26.1,1246884,1,20.99,,5:46:50,20.99,0,
10/07/2019,47:00.2,11/07/2019,5:47:00,26.1,1247619,1,20.99,,5:47:00,20.99,-0.01,
10/07/2019,47:10.2,11/07/2019,5:47:10,26.1,1244737,0,20.98,,5:47:10,20.98,0.01,
10/07/2019,47:20.2,11/07/2019,5:47:20,26.1,1246589,0,20.99,,5:47:20,20.99,0,
10/07/2019,47:30.2,11/07/2019,5:47:30,26.1,1249200,1,20.99,,5:47:30,20.99,0,
10/07/2019,47:40.2,11/07/2019,5:47:40,26.1,1249833,0,20.99,,5:47:40,20.99,0,
10/07/2019,47:50.1,11/07/2019,5:47:50,26.1,1245982,0,20.99,,5:47:50,20.99,-0.01,
10/07/2019,48:00.2,11/07/2019,5:48:00,26.1,1243440,1,20.98,,5:48:00,20.98,0,
10/07/2019,48:10.2,11/07/2019,5:48:10,26.1,1242880,0,20.98,,5:48:10,20.98,0,
10/07/2019,48:20.2,11/07/2019,5:48:20,26.1,1241557,0,20.98,,5:48:20,20.98,0,
10/07/2019,48:30.2,11/07/2019,5:48:30,26.1,1238857,1,20.98,,5:48:30,20.98,0,
10/07/2019,48:40.2,11/07/2019,5:48:40,26.1,1229196,1,20.98,,5:48:40,20.98,-0.01,
10/07/2019,48:50.2,11/07/2019,5:48:50,26.1,1227665,0,20.97,,5:48:50,20.97,0.01,
10/07/2019,49:00.1,11/07/2019,5:49:00,26.1,1231254,0,20.98,,5:49:00,20.98,0,
10/07/2019,49:10.2,11/07/2019,5:49:10,26.1,1231563,1,20.98,,5:49:10,20.98,0,
10/07/2019,49:20.2,11/07/2019,5:49:20,26.1,1229521,1,20.98,,5:49:20,20.98,-0.01,
10/07/2019,49:30.2,11/07/2019,5:49:30,26.1,1228457,0,20.97,,5:49:30,20.97,0,
10/07/2019,49:40.2,11/07/2019,5:49:40,26.1,1225279,0,20.97,,5:49:40,20.97,-0.01,
10/07/2019,49:50.2,11/07/2019,5:49:50,26.1,1217308,0,20.96,,5:49:50,20.96,-0.01,
10/07/2019,50:00.2,11/07/2019,5:50:00,26.1,1207690,1,20.95,,5:50:00,20.95,0,
10/07/2019,50:10.1,11/07/2019,5:50:10,26.1,1202258,1,20.95,,5:50:10,20.95,0,
10/07/2019,50:20.2,11/07/2019,5:50:20,26.1,1197052,0,20.95,,5:50:20,20.95,-0.02,
10/07/2019,50:30.2,11/07/2019,5:50:30,26.1,1187106,0,20.93,,5:50:30,20.93,0,
10/07/2019,50:40.2,11/07/2019,5:50:40,26.1,1182373,0,20.93,,5:50:40,20.93,0,
10/07/2019,50:50.2,11/07/2019,5:50:50,26.1,1180000,0,20.93,,5:50:50,20.93,-0.01,
10/07/2019,51:00.1,11/07/2019,5:51:00,26.1,1168827,0,20.92,,5:51:00,20.92,-0.01,
10/07/2019,51:10.2,11/07/2019,5:51:10,26.1,1157588,0,20.91,,5:51:10,20.91,-0.02,
10/07/2019,51:20.2,11/07/2019,5:51:20,26.1,1141730,0,20.89,,5:51:20,20.89,-0.01,
10/07/2019,51:30.2,11/07/2019,5:51:30,26.1,1131256,0,20.88,,5:51:30,20.88,-0.01,
10/07/2019,51:40.2,11/07/2019,5:51:40,26.1,1126842,0,20.87,,5:51:40,20.87,0,
10/07/2019,51:50.1,11/07/2019,5:51:50,26.1,1122924,1,20.87,,5:51:50,20.87,-0.01,
10/07/2019,52:00.2,11/07/2019,5:52:00,26.4,1115617,1,20.86,,5:52:00,20.86,-0.01,
10/07/2019,52:10.2,11/07/2019,5:52:10,26.1,1106573,1,20.85,,5:52:10,20.85,0,
10/07/2019,52:20.2,11/07/2019,5:52:20,26.4,1105312,0,20.85,,5:52:20,20.85,0,
10/07/2019,52:30.1,11/07/2019,5:52:30,26.1,1105834,0,20.85,,5:52:30,20.85,0,
10/07/2019,52:40.2,11/07/2019,5:52:40,26.4,1104346,0,20.85,,5:52:40,20.85,0,
10/07/2019,52:50.1,11/07/2019,5:52:50,26.4,1103084,1,20.85,,5:52:50,20.85,-0.01,
10/07/2019,53:00.2,11/07/2019,5:53:00,26.4,1095584,1,20.84,,5:53:00,20.84,-0.01,
10/07/2019,53:10.2,11/07/2019,5:53:10,26.1,1086626,0,20.83,,5:53:10,20.83,0,
10/07/2019,53:20.2,11/07/2019,5:53:20,26.1,1084438,0,20.83,,5:53:20,20.83,0.01,
10/07/2019,53:30.2,11/07/2019,5:53:30,26.1,1092410,0,20.84,,5:53:30,20.84,0.01,
10/07/2019,53:40.2,11/07/2019,5:53:40,26.1,1101098,1,20.85,,5:53:40,20.85,0,
10/07/2019,53:50.2,11/07/2019,5:53:50,26.1,1098106,1,20.85,,5:53:50,20.85,-0.01,
10/07/2019,54:00.2,11/07/2019,5:54:00,26.4,1093596,0,20.84,,5:54:00,20.84,-0.01,
10/07/2019,54:10.2,11/07/2019,5:54:10,26.1,1087640,0,20.83,,5:54:10,20.83,0.01,
10/07/2019,54:20.2,11/07/2019,5:54:20,26.4,1097720,0,20.84,,5:54:20,20.84,0.02,
10/07/2019,54:30.2,11/07/2019,5:54:30,26.4,1117928,1,20.86,,5:54:30,20.86,0.01,
10/07/2019,54:40.2,11/07/2019,5:54:40,26.4,1129369,1,20.87,,5:54:40,20.87,0.01,
10/07/2019,54:50.2,11/07/2019,5:54:50,26.4,1133387,1,20.88,,5:54:50,20.88,-0.01,
10/07/2019,55:00.2,11/07/2019,5:55:00,26.1,1127947,1,20.87,,5:55:00,20.87,0,
10/07/2019,55:10.2,11/07/2019,5:55:10,26.1,1128574,1,20.87,,5:55:10,20.87,0.01,
10/07/2019,55:20.2,11/07/2019,5:55:20,26.4,1133756,1,20.88,,5:55:20,20.88,0.01,
10/07/2019,55:30.2,11/07/2019,5:55:30,26.1,1136895,0,20.89,,5:55:30,20.89,-0.01,
10/07/2019,55:40.2,11/07/2019,5:55:40,26.4,1130622,0,20.88,,5:55:40,20.88,-0.01,
10/07/2019,55:50.2,11/07/2019,5:55:50,26.4,1127743,0,20.87,,5:55:50,20.87,0.01,
10/07/2019,56:00.2,11/07/2019,5:56:00,26.4,1135602,0,20.88,,5:56:00,20.88,0.01,
10/07/2019,56:10.2,11/07/2019,5:56:10,26.1,1142479,0,20.89,,5:56:10,20.89,0,
10/07/2019,56:20.2,11/07/2019,5:56:20,26.1,1144917,0,20.89,,5:56:20,20.89,-0.01,
10/07/2019,56:30.2,11/07/2019,5:56:30,26.4,1142157,0,20.88,,5:56:30,20.88,0,
10/07/2019,56:40.2,11/07/2019,5:56:40,26.4,1140028,0,20.88,,5:56:40,20.88,0,
10/07/2019,56:50.2,11/07/2019,5:56:50,26.4,1136362,0,20.88,,5:56:50,20.88,0,
10/07/2019,57:00.2,11/07/2019,5:57:00,26.4,1131668,0,20.88,,5:57:00,20.88,0,
10/07/2019,57:10.1,11/07/2019,5:57:10,26.4,1131060,0,20.88,,5:57:10,20.88,-0.01,
10/07/2019,57:20.2,11/07/2019,5:57:20,26.1,1128817,1,20.87,,5:57:20,20.87,0,
10/07/2019,57:30.1,11/07/2019,5:57:30,26.4,1125118,1,20.87,,5:57:30,20.87,-0.02,
10/07/2019,57:40.2,11/07/2019,5:57:40,26.4,1113701,1,20.85,,5:57:40,20.85,0,
10/07/2019,57:50.2,11/07/2019,5:57:50,26.4,1107468,0,20.85,,5:57:50,20.85,0,
10/07/2019,58:00.2,11/07/2019,5:58:00,26.4,1104200,0,20.85,,5:58:00,20.85,-0.01,
10/07/2019,58:10.2,11/07/2019,5:58:10,26.4,1097672,0,20.84,,5:58:10,20.84,0.01,
10/07/2019,58:20.2,11/07/2019,5:58:20,26.4,1103684,1,20.85,,5:58:20,20.85,0,
10/07/2019,58:30.1,11/07/2019,5:58:30,26.1,1104424,1,20.85,,5:58:30,20.85,0,
10/07/2019,58:40.2,11/07/2019,5:58:40,26.4,1101485,1,20.85,,5:58:40,20.85,-0.01,
10/07/2019,58:50.2,11/07/2019,5:58:50,26.4,1096218,0,20.84,,5:58:50,20.84,-0.01,
10/07/2019,59:00.2,11/07/2019,5:59:00,26.1,1085406,0,20.83,,5:59:00,20.83,0,
10/07/2019,59:10.2,11/07/2019,5:59:10,26.4,1085955,1,20.83,,5:59:10,20.83,0,
10/07/2019,59:20.2,11/07/2019,5:59:20,26.4,1086331,1,20.83,,5:59:20,20.83,-0.01,
10/07/2019,59:30.1,11/07/2019,5:59:30,26.4,1077530,0,20.82,,5:59:30,20.82,-0.01,
10/07/2019,59:40.2,11/07/2019,5:59:40,26.4,1071378,0,20.81,,5:59:40,20.81,0,
10/07/2019,59:50.2,11/07/2019,5:59:50,26.1,1069795,1,20.81,,5:59:50,20.81,0,
10/07/2019,00:00.2,11/07/2019,6:00:00,26.4,1066175,0,20.81,,6:00:00,20.81,0,
10/07/2019,00:10.2,11/07/2019,6:00:10,26.4,1066800,0,20.81,,6:00:10,20.81,-0.01,
10/07/2019,00:20.1,11/07/2019,6:00:20,26.4,1058845,1,20.8,,6:00:20,20.8,-0.01,
10/07/2019,00:30.2,11/07/2019,6:00:30,26.4,1047662,0,20.79,,6:00:30,20.79,-0.01,
10/07/2019,00:40.1,11/07/2019,6:00:40,26.4,1039044,1,20.78,,6:00:40,20.78,0,
10/07/2019,00:50.1,11/07/2019,6:00:50,26.4,1037442,0,20.78,,6:00:50,20.78,0,
10/07/2019,01:00.2,11/07/2019,6:01:00,26.4,1039383,1,20.78,,6:01:00,20.78,0,
10/07/2019,01:10.2,11/07/2019,6:01:10,26.4,1035809,0,20.78,,6:01:10,20.78,-0.01,
10/07/2019,01:20.2,11/07/2019,6:01:20,26.4,1027842,1,20.77,,6:01:20,20.77,-0.01,
10/07/2019,01:30.2,11/07/2019,6:01:30,26.1,1017851,0,20.76,,6:01:30,20.76,-0.01,
10/07/2019,01:40.2,11/07/2019,6:01:40,26.4,999697,1,20.75,,6:01:40,20.75,-0.02,
10/07/2019,01:50.2,11/07/2019,6:01:50,26.4,984144,0,20.73,,6:01:50,20.73,-0.01,
10/07/2019,02:00.2,11/07/2019,6:02:00,26.1,978864,0,20.72,,6:02:00,20.72,-0.01,
10/07/2019,02:10.2,11/07/2019,6:02:10,26.4,971841,1,20.71,,6:02:10,20.71,-0.01,
10/07/2019,02:20.2,11/07/2019,6:02:20,26.4,955067,1,20.7,,6:02:20,20.7,-0.01,
10/07/2019,02:30.2,11/07/2019,6:02:30,26.4,950885,1,20.69,,6:02:30,20.69,0,
10/07/2019,02:40.2,11/07/2019,6:02:40,26.4,949748,0,20.69,,6:02:40,20.69,-0.01,
10/07/2019,02:50.2,11/07/2019,6:02:50,26.4,942734,0,20.68,,6:02:50,20.68,-0.01,
10/07/2019,03:00.2,11/07/2019,6:03:00,26.4,930125,0,20.67,,6:03:00,20.67,-0.01,
10/07/2019,03:10.2,11/07/2019,6:03:10,26.4,924629,0,20.66,,6:03:10,20.66,-0.01,
10/07/2019,03:20.2,11/07/2019,6:03:20,26.4,918762,0,20.65,,6:03:20,20.65,-0.01,
10/07/2019,03:30.2,11/07/2019,6:03:30,26.4,909857,0,20.64,,6:03:30,20.64,-0.01,
10/07/2019,03:40.2,11/07/2019,6:03:40,26.1,902171,1,20.63,,6:03:40,20.63,-0.01,
10/07/2019,03:50.1,11/07/2019,6:03:50,26.1,891341,1,20.62,,6:03:50,20.62,-0.02,
10/07/2019,04:00.1,11/07/2019,6:04:00,26.4,876709,1,20.6,,6:04:00,20.6,-0.01,
10/07/2019,04:10.2,11/07/2019,6:04:10,26.4,873855,0,20.59,,6:04:10,20.59,0.01,
10/07/2019,04:20.2,11/07/2019,6:04:20,26.4,877826,1,20.6,,6:04:20,20.6,-0.01,
10/07/2019,04:30.2,11/07/2019,6:04:30,26.4,875385,1,20.59,,6:04:30,20.59,0,
10/07/2019,04:40.1,11/07/2019,6:04:40,26.4,869753,0,20.59,,6:04:40,20.59,-0.02,
10/07/2019,04:50.2,11/07/2019,6:04:50,26.4,863411,0,20.57,,6:04:50,20.57,0,
10/07/2019,05:00.1,11/07/2019,6:05:00,26.4,852729,1,20.57,,6:05:00,20.57,-0.01,
10/07/2019,05:10.1,11/07/2019,6:05:10,26.4,848930,0,20.56,,6:05:10,20.56,-0.01,
10/07/2019,05:20.2,11/07/2019,6:05:20,26.4,844366,1,20.55,,6:05:20,20.55,0,
10/07/2019,05:30.1,11/07/2019,6:05:30,26.4,838894,0,20.55,,6:05:30,20.55,-0.01,
10/07/2019,05:40.2,11/07/2019,6:05:40,26.4,834458,1,20.54,,6:05:40,20.54,-0.01,
10/07/2019,05:50.2,11/07/2019,6:05:50,26.4,829146,0,20.53,,6:05:50,20.53,0,
10/07/2019,06:00.2,11/07/2019,6:06:00,26.4,823926,1,20.53,,6:06:00,20.53,-0.01,
10/07/2019,06:10.2,11/07/2019,6:06:10,26.4,819279,1,20.52,,6:06:10,20.52,-0.01,
10/07/2019,06:20.1,11/07/2019,6:06:20,26.4,812785,0,20.51,,6:06:20,20.51,0,